row,zone_name,hour,parkings_booked
0,1-0,0,5
1,1-0,1,6
2,1-0,2,6
3,1-0,3,6
4,1-0,4,6
5,1-0,5,6
6,1-0,6,8
7,1-0,7,11
8,1-0,8,12
9,1-0,9,14
10,1-0,10,13
11,1-0,11,13
12,1-0,12,12
13,1-0,13,9
14,1-0,14,9
15,1-0,15,9
16,1-0,16,8
17,1-0,17,8
18,1-0,18,9
19,1-0,19,12
20,1-0,20,15
21,1-0,21,14
22,1-0,22,12
23,1-0,23,6
24,1-1,0,4
25,1-1,1,5
26,1-1,2,5
27,1-1,3,5
28,1-1,4,5
29,1-1,5,5
30,1-1,6,6
31,1-1,7,12
32,1-1,8,16
33,1-1,9,19
34,1-1,10,21
35,1-1,11,23
36,1-1,12,19
37,1-1,13,15
38,1-1,14,13
39,1-1,15,9
40,1-1,16,7
41,1-1,17,9
42,1-1,18,11
43,1-1,19,13
44,1-1,20,15
45,1-1,21,16
46,1-1,22,13
47,1-1,23,5
48,1-1+,0,0
49,1-1+,1,1
50,1-1+,2,1
51,1-1+,3,1
52,1-1+,4,1
53,1-1+,5,1
54,1-1+,6,1
55,1-1+,7,2
56,1-1+,8,2
57,1-1+,9,2
58,1-1+,10,3
59,1-1+,11,3
60,1-1+,12,2
61,1-1+,13,2
62,1-1+,14,1
63,1-1+,15,2
64,1-1+,16,3
65,1-1+,17,2
66,1-1+,18,1
67,1-1+,19,1
68,1-1+,20,3
69,1-1+,21,3
70,1-1+,22,2
71,1-1+,23,1
72,1-2,0,5
73,1-2,1,6
74,1-2,2,6
75,1-2,3,6
76,1-2,4,6
77,1-2,5,6
78,1-2,6,9
79,1-2,7,16
80,1-2,8,21
81,1-2,9,25
82,1-2,10,29
83,1-2,11,31
84,1-2,12,27
85,1-2,13,21
86,1-2,14,19
87,1-2,15,16
88,1-2,16,18
89,1-2,17,22
90,1-2,18,25
91,1-2,19,24
92,1-2,20,20
93,1-2,21,16
94,1-2,22,13
95,1-2,23,6
96,10-0,0,0
97,10-0,1,0
98,10-0,2,0
99,10-0,3,0
100,10-0,4,0
101,10-0,5,0
102,10-0,6,0
103,10-0,7,0
104,10-0,8,0
105,10-0,9,0
106,10-0,10,0
107,10-0,11,0
108,10-0,12,0
109,10-0,13,0
110,10-0,14,0
111,10-0,15,0
112,10-0,16,0
113,10-0,17,0
114,10-0,18,0
115,10-0,19,0
116,10-0,20,0
117,10-0,21,0
118,10-0,22,0
119,10-0,23,0
120,10-1,0,1
121,10-1,1,1
122,10-1,2,1
123,10-1,3,1
124,10-1,4,1
125,10-1,5,2
126,10-1,6,4
127,10-1,7,5
128,10-1,8,9
129,10-1,9,12
130,10-1,10,13
131,10-1,11,13
132,10-1,12,12
133,10-1,13,11
134,10-1,14,8
135,10-1,15,5
136,10-1,16,5
137,10-1,17,3
138,10-1,18,4
139,10-1,19,5
140,10-1,20,4
141,10-1,21,3
142,10-1,22,1
143,10-1,23,1
144,10-3,0,7
145,10-3,1,9
146,10-3,2,9
147,10-3,3,9
148,10-3,4,9
149,10-3,5,10
150,10-3,6,10
151,10-3,7,5
152,10-3,8,8
153,10-3,9,12
154,10-3,10,16
155,10-3,11,17
156,10-3,12,15
157,10-3,13,11
158,10-3,14,12
159,10-3,15,14
160,10-3,16,14
161,10-3,17,15
162,10-3,18,14
163,10-3,19,17
164,10-3,20,22
165,10-3,21,21
166,10-3,22,9
167,10-3,23,9
168,11-1,0,1
169,11-1,1,1
170,11-1,2,1
171,11-1,3,1
172,11-1,4,1
173,11-1,5,1
174,11-1,6,1
175,11-1,7,2
176,11-1,8,3
177,11-1,9,3
178,11-1,10,3
179,11-1,11,4
180,11-1,12,4
181,11-1,13,3
182,11-1,14,1
183,11-1,15,1
184,11-1,16,1
185,11-1,17,1
186,11-1,18,1
187,11-1,19,1
188,11-1,20,1
189,11-1,21,1
190,11-1,22,1
191,11-1,23,1
192,12-1,0,0
193,12-1,1,0
194,12-1,2,0
195,12-1,3,0
196,12-1,4,0
197,12-1,5,0
198,12-1,6,0
199,12-1,7,0
200,12-1,8,1
201,12-1,9,3
202,12-1,10,6
203,12-1,11,7
204,12-1,12,4
205,12-1,13,3
206,12-1,14,2
207,12-1,15,4
208,12-1,16,6
209,12-1,17,8
210,12-1,18,6
211,12-1,19,2
212,12-1,20,0
213,12-1,21,0
214,12-1,22,0
215,12-1,23,0
216,13-1,0,1
217,13-1,1,1
218,13-1,2,1
219,13-1,3,1
220,13-1,4,1
221,13-1,5,1
222,13-1,6,1
223,13-1,7,2
224,13-1,8,3
225,13-1,9,3
226,13-1,10,3
227,13-1,11,4
228,13-1,12,3
229,13-1,13,2
230,13-1,14,1
231,13-1,15,1
232,13-1,16,1
233,13-1,17,1
234,13-1,18,1
235,13-1,19,1
236,13-1,20,1
237,13-1,21,1
238,13-1,22,1
239,13-1,23,1
240,14-1,0,24
241,14-1,1,29
242,14-1,2,29
243,14-1,3,29
244,14-1,4,29
245,14-1,5,29
246,14-1,6,38
247,14-1,7,52
248,14-1,8,58
249,14-1,9,73
250,14-1,10,88
251,14-1,11,93
252,14-1,12,78
253,14-1,13,53
254,14-1,14,46
255,14-1,15,45
256,14-1,16,42
257,14-1,17,44
258,14-1,18,45
259,14-1,19,29
260,14-1,20,29
261,14-1,21,29
262,14-1,22,29
263,14-1,23,29
264,15-3,0,0
265,15-3,1,0
266,15-3,2,0
267,15-3,3,0
268,15-3,4,0
269,15-3,5,0
270,15-3,6,0
271,15-3,7,0
272,15-3,8,0
273,15-3,9,0
274,15-3,10,0
275,15-3,11,0
276,15-3,12,0
277,15-3,13,0
278,15-3,14,0
279,15-3,15,0
280,15-3,16,0
281,15-3,17,0
282,15-3,18,0
283,15-3,19,0
284,15-3,20,0
285,15-3,21,0
286,15-3,22,0
287,15-3,23,0
288,16-1,0,3
289,16-1,1,4
290,16-1,2,4
291,16-1,3,4
292,16-1,4,4
293,16-1,5,4
294,16-1,6,6
295,16-1,7,13
296,16-1,8,28
297,16-1,9,41
298,16-1,10,54
299,16-1,11,59
300,16-1,12,46
301,16-1,13,28
302,16-1,14,17
303,16-1,15,13
304,16-1,16,9
305,16-1,17,4
306,16-1,18,4
307,16-1,19,4
308,16-1,20,4
309,16-1,21,4
310,16-1,22,4
311,16-1,23,4
312,16-2,0,0
313,16-2,1,0
314,16-2,2,0
315,16-2,3,0
316,16-2,4,0
317,16-2,5,0
318,16-2,6,0
319,16-2,7,1
320,16-2,8,2
321,16-2,9,3
322,16-2,10,4
323,16-2,11,3
324,16-2,12,2
325,16-2,13,1
326,16-2,14,0
327,16-2,15,0
328,16-2,16,0
329,16-2,17,0
330,16-2,18,0
331,16-2,19,0
332,16-2,20,0
333,16-2,21,0
334,16-2,22,0
335,16-2,23,0
336,16-3,0,1
337,16-3,1,1
338,16-3,2,1
339,16-3,3,1
340,16-3,4,1
341,16-3,5,1
342,16-3,6,1
343,16-3,7,3
344,16-3,8,6
345,16-3,9,8
346,16-3,10,7
347,16-3,11,7
348,16-3,12,7
349,16-3,13,7
350,16-3,14,6
351,16-3,15,6
352,16-3,16,3
353,16-3,17,1
354,16-3,18,1
355,16-3,19,1
356,16-3,20,1
357,16-3,21,1
358,16-3,22,1
359,16-3,23,1
360,17-PP,0,0
361,17-PP,1,0
362,17-PP,2,0
363,17-PP,3,0
364,17-PP,4,0
365,17-PP,5,0
366,17-PP,6,0
367,17-PP,7,1
368,17-PP,8,1
369,17-PP,9,2
370,17-PP,10,3
371,17-PP,11,2
372,17-PP,12,2
373,17-PP,13,2
374,17-PP,14,2
375,17-PP,15,2
376,17-PP,16,1
377,17-PP,17,0
378,17-PP,18,0
379,17-PP,19,0
380,17-PP,20,0
381,17-PP,21,0
382,17-PP,22,0
383,17-PP,23,0
384,17-PP2,0,0
385,17-PP2,1,0
386,17-PP2,2,0
387,17-PP2,3,0
388,17-PP2,4,0
389,17-PP2,5,0
390,17-PP2,6,1
391,17-PP2,7,6
392,17-PP2,8,9
393,17-PP2,9,10
394,17-PP2,10,10
395,17-PP2,11,8
396,17-PP2,12,6
397,17-PP2,13,5
398,17-PP2,14,7
399,17-PP2,15,6
400,17-PP2,16,2
401,17-PP2,17,0
402,17-PP2,18,0
403,17-PP2,19,0
404,17-PP2,20,0
405,17-PP2,21,0
406,17-PP2,22,0
407,17-PP2,23,0
408,18-1,0,22
409,18-1,1,26
410,18-1,2,26
411,18-1,3,26
412,18-1,4,26
413,18-1,5,26
414,18-1,6,27
415,18-1,7,33
416,18-1,8,34
417,18-1,9,42
418,18-1,10,56
419,18-1,11,57
420,18-1,12,53
421,18-1,13,47
422,18-1,14,47
423,18-1,15,47
424,18-1,16,61
425,18-1,17,73
426,18-1,18,89
427,18-1,19,86
428,18-1,20,67
429,18-1,21,42
430,18-1,22,26
431,18-1,23,26
432,19-PP,0,1
433,19-PP,1,0
434,19-PP,2,0
435,19-PP,3,0
436,19-PP,4,0
437,19-PP,5,0
438,19-PP,6,0
439,19-PP,7,0
440,19-PP,8,0
441,19-PP,9,2
442,19-PP,10,2
443,19-PP,11,1
444,19-PP,12,1
445,19-PP,13,0
446,19-PP,14,0
447,19-PP,15,0
448,19-PP,16,1
449,19-PP,17,1
450,19-PP,18,1
451,19-PP,19,2
452,19-PP,20,2
453,19-PP,21,2
454,19-PP,22,3
455,19-PP,23,4
456,2-0,0,1
457,2-0,1,1
458,2-0,2,1
459,2-0,3,1
460,2-0,4,1
461,2-0,5,1
462,2-0,6,1
463,2-0,7,2
464,2-0,8,5
465,2-0,9,13
466,2-0,10,19
467,2-0,11,20
468,2-0,12,15
469,2-0,13,12
470,2-0,14,7
471,2-0,15,4
472,2-0,16,4
473,2-0,17,6
474,2-0,18,8
475,2-0,19,5
476,2-0,20,1
477,2-0,21,1
478,2-0,22,1
479,2-0,23,1
480,2-1,0,3
481,2-1,1,4
482,2-1,2,4
483,2-1,3,4
484,2-1,4,4
485,2-1,5,4
486,2-1,6,5
487,2-1,7,8
488,2-1,8,11
489,2-1,9,16
490,2-1,10,23
491,2-1,11,28
492,2-1,12,24
493,2-1,13,18
494,2-1,14,14
495,2-1,15,11
496,2-1,16,9
497,2-1,17,11
498,2-1,18,12
499,2-1,19,8
500,2-1,20,4
501,2-1,21,4
502,2-1,22,4
503,2-1,23,4
504,2-2,0,1
505,2-2,1,1
506,2-2,2,1
507,2-2,3,1
508,2-2,4,1
509,2-2,5,1
510,2-2,6,2
511,2-2,7,3
512,2-2,8,7
513,2-2,9,11
514,2-2,10,10
515,2-2,11,10
516,2-2,12,9
517,2-2,13,7
518,2-2,14,4
519,2-2,15,3
520,2-2,16,3
521,2-2,17,4
522,2-2,18,5
523,2-2,19,3
524,2-2,20,1
525,2-2,21,1
526,2-2,22,1
527,2-2,23,1
528,2-3,0,0
529,2-3,1,0
530,2-3,2,0
531,2-3,3,0
532,2-3,4,0
533,2-3,5,0
534,2-3,6,0
535,2-3,7,1
536,2-3,8,0
537,2-3,9,1
538,2-3,10,1
539,2-3,11,1
540,2-3,12,0
541,2-3,13,0
542,2-3,14,1
543,2-3,15,0
544,2-3,16,0
545,2-3,17,0
546,2-3,18,0
547,2-3,19,0
548,2-3,20,0
549,2-3,21,0
550,2-3,22,0
551,2-3,23,0
552,2-4,0,0
553,2-4,1,1
554,2-4,2,1
555,2-4,3,1
556,2-4,4,1
557,2-4,5,1
558,2-4,6,1
559,2-4,7,1
560,2-4,8,0
561,2-4,9,0
562,2-4,10,2
563,2-4,11,3
564,2-4,12,2
565,2-4,13,1
566,2-4,14,0
567,2-4,15,0
568,2-4,16,0
569,2-4,17,1
570,2-4,18,2
571,2-4,19,2
572,2-4,20,1
573,2-4,21,1
574,2-4,22,1
575,2-4,23,1
576,20-1,0,0
577,20-1,1,0
578,20-1,2,0
579,20-1,3,0
580,20-1,4,0
581,20-1,5,0
582,20-1,6,0
583,20-1,7,1
584,20-1,8,3
585,20-1,9,5
586,20-1,10,5
587,20-1,11,3
588,20-1,12,2
589,20-1,13,2
590,20-1,14,1
591,20-1,15,0
592,20-1,16,0
593,20-1,17,0
594,20-1,18,0
595,20-1,19,0
596,20-1,20,0
597,20-1,21,0
598,20-1,22,0
599,20-1,23,0
600,20-2,0,0
601,20-2,1,0
602,20-2,2,0
603,20-2,3,0
604,20-2,4,0
605,20-2,5,0
606,20-2,6,0
607,20-2,7,0
608,20-2,8,0
609,20-2,9,1
610,20-2,10,2
611,20-2,11,1
612,20-2,12,0
613,20-2,13,0
614,20-2,14,0
615,20-2,15,0
616,20-2,16,0
617,20-2,17,0
618,20-2,18,0
619,20-2,19,0
620,20-2,20,0
621,20-2,21,0
622,20-2,22,0
623,20-2,23,0
624,20-3,0,0
625,20-3,1,0
626,20-3,2,0
627,20-3,3,0
628,20-3,4,0
629,20-3,5,0
630,20-3,6,0
631,20-3,7,0
632,20-3,8,1
633,20-3,9,1
634,20-3,10,0
635,20-3,11,0
636,20-3,12,0
637,20-3,13,0
638,20-3,14,0
639,20-3,15,0
640,20-3,16,0
641,20-3,17,0
642,20-3,18,0
643,20-3,19,0
644,20-3,20,0
645,20-3,21,0
646,20-3,22,0
647,20-3,23,0
648,21-1,0,3
649,21-1,1,4
650,21-1,2,4
651,21-1,3,4
652,21-1,4,4
653,21-1,5,4
654,21-1,6,5
655,21-1,7,2
656,21-1,8,8
657,21-1,9,12
658,21-1,10,13
659,21-1,11,12
660,21-1,12,13
661,21-1,13,12
662,21-1,14,9
663,21-1,15,7
664,21-1,16,7
665,21-1,17,7
666,21-1,18,9
667,21-1,19,12
668,21-1,20,14
669,21-1,21,15
670,21-1,22,14
671,21-1,23,10
672,21-2,0,2
673,21-2,1,3
674,21-2,2,3
675,21-2,3,3
676,21-2,4,3
677,21-2,5,3
678,21-2,6,4
679,21-2,7,2
680,21-2,8,4
681,21-2,9,8
682,21-2,10,9
683,21-2,11,9
684,21-2,12,8
685,21-2,13,6
686,21-2,14,7
687,21-2,15,6
688,21-2,16,5
689,21-2,17,5
690,21-2,18,6
691,21-2,19,7
692,21-2,20,7
693,21-2,21,8
694,21-2,22,8
695,21-2,23,7
696,22-1,0,0
697,22-1,1,1
698,22-1,2,1
699,22-1,3,1
700,22-1,4,1
701,22-1,5,1
702,22-1,6,1
703,22-1,7,1
704,22-1,8,2
705,22-1,9,2
706,22-1,10,2
707,22-1,11,3
708,22-1,12,3
709,22-1,13,2
710,22-1,14,1
711,22-1,15,2
712,22-1,16,2
713,22-1,17,3
714,22-1,18,4
715,22-1,19,3
716,22-1,20,1
717,22-1,21,1
718,22-1,22,1
719,22-1,23,1
720,22-10,0,9
721,22-10,1,12
722,22-10,2,12
723,22-10,3,12
724,22-10,4,12
725,22-10,5,14
726,22-10,6,19
727,22-10,7,26
728,22-10,8,33
729,22-10,9,36
730,22-10,10,37
731,22-10,11,40
732,22-10,12,39
733,22-10,13,38
734,22-10,14,34
735,22-10,15,35
736,22-10,16,37
737,22-10,17,34
738,22-10,18,26
739,22-10,19,14
740,22-10,20,12
741,22-10,21,12
742,22-10,22,12
743,22-10,23,12
744,22-24,0,0
745,22-24,1,0
746,22-24,2,0
747,22-24,3,0
748,22-24,4,0
749,22-24,5,0
750,22-24,6,0
751,22-24,7,0
752,22-24,8,0
753,22-24,9,0
754,22-24,10,0
755,22-24,11,1
756,22-24,12,1
757,22-24,13,1
758,22-24,14,1
759,22-24,15,1
760,22-24,16,1
761,22-24,17,1
762,22-24,18,1
763,22-24,19,1
764,22-24,20,1
765,22-24,21,0
766,22-24,22,0
767,22-24,23,0
768,23-1,0,3
769,23-1,1,4
770,23-1,2,4
771,23-1,3,4
772,23-1,4,4
773,23-1,5,4
774,23-1,6,5
775,23-1,7,6
776,23-1,8,6
777,23-1,9,10
778,23-1,10,11
779,23-1,11,10
780,23-1,12,10
781,23-1,13,7
782,23-1,14,5
783,23-1,15,4
784,23-1,16,1
785,23-1,17,2
786,23-1,18,5
787,23-1,19,7
788,23-1,20,10
789,23-1,21,14
790,23-1,22,11
791,23-1,23,4
792,23-2,0,5
793,23-2,1,6
794,23-2,2,6
795,23-2,3,6
796,23-2,4,6
797,23-2,5,6
798,23-2,6,6
799,23-2,7,7
800,23-2,8,3
801,23-2,9,8
802,23-2,10,11
803,23-2,11,12
804,23-2,12,12
805,23-2,13,10
806,23-2,14,9
807,23-2,15,7
808,23-2,16,7
809,23-2,17,8
810,23-2,18,9
811,23-2,19,11
812,23-2,20,12
813,23-2,21,13
814,23-2,22,14
815,23-2,23,6
816,24-1,0,1
817,24-1,1,1
818,24-1,2,1
819,24-1,3,1
820,24-1,4,1
821,24-1,5,1
822,24-1,6,2
823,24-1,7,5
824,24-1,8,11
825,24-1,9,19
826,24-1,10,23
827,24-1,11,23
828,24-1,12,17
829,24-1,13,9
830,24-1,14,5
831,24-1,15,4
832,24-1,16,3
833,24-1,17,6
834,24-1,18,7
835,24-1,19,4
836,24-1,20,1
837,24-1,21,1
838,24-1,22,1
839,24-1,23,1
840,24-2,0,0
841,24-2,1,0
842,24-2,2,0
843,24-2,3,0
844,24-2,4,0
845,24-2,5,0
846,24-2,6,0
847,24-2,7,0
848,24-2,8,0
849,24-2,9,0
850,24-2,10,0
851,24-2,11,0
852,24-2,12,0
853,24-2,13,0
854,24-2,14,0
855,24-2,15,0
856,24-2,16,0
857,24-2,17,0
858,24-2,18,0
859,24-2,19,0
860,24-2,20,0
861,24-2,21,0
862,24-2,22,0
863,24-2,23,0
864,25-1,0,1
865,25-1,1,1
866,25-1,2,1
867,25-1,3,0
868,25-1,4,0
869,25-1,5,0
870,25-1,6,0
871,25-1,7,1
872,25-1,8,7
873,25-1,9,13
874,25-1,10,15
875,25-1,11,17
876,25-1,12,16
877,25-1,13,16
878,25-1,14,16
879,25-1,15,13
880,25-1,16,15
881,25-1,17,16
882,25-1,18,19
883,25-1,19,18
884,25-1,20,15
885,25-1,21,12
886,25-1,22,8
887,25-1,23,4
888,25-2,0,0
889,25-2,1,0
890,25-2,2,0
891,25-2,3,0
892,25-2,4,0
893,25-2,5,0
894,25-2,6,0
895,25-2,7,0
896,25-2,8,0
897,25-2,9,0
898,25-2,10,0
899,25-2,11,0
900,25-2,12,0
901,25-2,13,0
902,25-2,14,0
903,25-2,15,0
904,25-2,16,0
905,25-2,17,0
906,25-2,18,0
907,25-2,19,0
908,25-2,20,0
909,25-2,21,0
910,25-2,22,0
911,25-2,23,0
912,26-1,0,1
913,26-1,1,1
914,26-1,2,1
915,26-1,3,1
916,26-1,4,1
917,26-1,5,1
918,26-1,6,2
919,26-1,7,4
920,26-1,8,8
921,26-1,9,12
922,26-1,10,17
923,26-1,11,15
924,26-1,12,10
925,26-1,13,7
926,26-1,14,4
927,26-1,15,2
928,26-1,16,1
929,26-1,17,1
930,26-1,18,1
931,26-1,19,1
932,26-1,20,1
933,26-1,21,1
934,26-1,22,1
935,26-1,23,1
936,27-1,0,2
937,27-1,1,3
938,27-1,2,3
939,27-1,3,3
940,27-1,4,3
941,27-1,5,3
942,27-1,6,3
943,27-1,7,5
944,27-1,8,7
945,27-1,9,9
946,27-1,10,9
947,27-1,11,8
948,27-1,12,7
949,27-1,13,4
950,27-1,14,3
951,27-1,15,2
952,27-1,16,2
953,27-1,17,4
954,27-1,18,4
955,27-1,19,6
956,27-1,20,7
957,27-1,21,7
958,27-1,22,6
959,27-1,23,3
960,27-2,0,5
961,27-2,1,6
962,27-2,2,6
963,27-2,3,6
964,27-2,4,6
965,27-2,5,6
966,27-2,6,8
967,27-2,7,11
968,27-2,8,15
969,27-2,9,21
970,27-2,10,21
971,27-2,11,22
972,27-2,12,18
973,27-2,13,17
974,27-2,14,16
975,27-2,15,14
976,27-2,16,16
977,27-2,17,18
978,27-2,18,20
979,27-2,19,26
980,27-2,20,28
981,27-2,21,28
982,27-2,22,20
983,27-2,23,6
984,28-1,0,0
985,28-1,1,1
986,28-1,2,1
987,28-1,3,1
988,28-1,4,1
989,28-1,5,1
990,28-1,6,1
991,28-1,7,0
992,28-1,8,1
993,28-1,9,4
994,28-1,10,4
995,28-1,11,2
996,28-1,12,3
997,28-1,13,4
998,28-1,14,3
999,28-1,15,2
1000,28-1,16,3
1001,28-1,17,4
1002,28-1,18,4
1003,28-1,19,3
1004,28-1,20,3
1005,28-1,21,3
1006,28-1,22,1
1007,28-1,23,1
1008,29-1,0,29
1009,29-1,1,35
1010,29-1,2,35
1011,29-1,3,35
1012,29-1,4,35
1013,29-1,5,35
1014,29-1,6,53
1015,29-1,7,84
1016,29-1,8,115
1017,29-1,9,157
1018,29-1,10,196
1019,29-1,11,198
1020,29-1,12,178
1021,29-1,13,145
1022,29-1,14,117
1023,29-1,15,100
1024,29-1,16,93
1025,29-1,17,85
1026,29-1,18,85
1027,29-1,19,74
1028,29-1,20,35
1029,29-1,21,35
1030,29-1,22,35
1031,29-1,23,35
1032,29-2,0,15
1033,29-2,1,18
1034,29-2,2,18
1035,29-2,3,18
1036,29-2,4,18
1037,29-2,5,18
1038,29-2,6,22
1039,29-2,7,31
1040,29-2,8,37
1041,29-2,9,53
1042,29-2,10,61
1043,29-2,11,63
1044,29-2,12,61
1045,29-2,13,54
1046,29-2,14,46
1047,29-2,15,35
1048,29-2,16,30
1049,29-2,17,27
1050,29-2,18,29
1051,29-2,19,30
1052,29-2,20,18
1053,29-2,21,18
1054,29-2,22,18
1055,29-2,23,18
1056,29-3,0,7
1057,29-3,1,8
1058,29-3,2,8
1059,29-3,3,8
1060,29-3,4,8
1061,29-3,5,8
1062,29-3,6,10
1063,29-3,7,14
1064,29-3,8,13
1065,29-3,9,17
1066,29-3,10,21
1067,29-3,11,24
1068,29-3,12,21
1069,29-3,13,19
1070,29-3,14,16
1071,29-3,15,14
1072,29-3,16,11
1073,29-3,17,11
1074,29-3,18,18
1075,29-3,19,19
1076,29-3,20,8
1077,29-3,21,8
1078,29-3,22,8
1079,29-3,23,8
1080,3-1,0,25
1081,3-1,1,3
1082,3-1,2,3
1083,3-1,3,2
1084,3-1,4,5
1085,3-1,5,4
1086,3-1,6,4
1087,3-1,7,3
1088,3-1,8,4
1089,3-1,9,5
1090,3-1,10,3
1091,3-1,11,3
1092,3-1,12,4
1093,3-1,13,4
1094,3-1,14,5
1095,3-1,15,5
1096,3-1,16,5
1097,3-1,17,4
1098,3-1,18,4
1099,3-1,19,5
1100,3-1,20,4
1101,3-1,21,4
1102,3-1,22,5
1103,3-1,23,30
1104,30-1,0,3
1105,30-1,1,4
1106,30-1,2,4
1107,30-1,3,4
1108,30-1,4,4
1109,30-1,5,4
1110,30-1,6,6
1111,30-1,7,8
1112,30-1,8,14
1113,30-1,9,24
1114,30-1,10,28
1115,30-1,11,27
1116,30-1,12,22
1117,30-1,13,13
1118,30-1,14,9
1119,30-1,15,9
1120,30-1,16,6
1121,30-1,17,5
1122,30-1,18,5
1123,30-1,19,4
1124,30-1,20,4
1125,30-1,21,4
1126,30-1,22,4
1127,30-1,23,4
1128,31-1,0,5
1129,31-1,1,6
1130,31-1,2,6
1131,31-1,3,6
1132,31-1,4,6
1133,31-1,5,6
1134,31-1,6,7
1135,31-1,7,10
1136,31-1,8,13
1137,31-1,9,19
1138,31-1,10,23
1139,31-1,11,21
1140,31-1,12,16
1141,31-1,13,11
1142,31-1,14,8
1143,31-1,15,8
1144,31-1,16,7
1145,31-1,17,9
1146,31-1,18,10
1147,31-1,19,6
1148,31-1,20,6
1149,31-1,21,6
1150,31-1,22,6
1151,31-1,23,6
1152,31-2,0,5
1153,31-2,1,6
1154,31-2,2,6
1155,31-2,3,6
1156,31-2,4,6
1157,31-2,5,6
1158,31-2,6,7
1159,31-2,7,11
1160,31-2,8,19
1161,31-2,9,31
1162,31-2,10,36
1163,31-2,11,33
1164,31-2,12,24
1165,31-2,13,17
1166,31-2,14,14
1167,31-2,15,12
1168,31-2,16,9
1169,31-2,17,9
1170,31-2,18,8
1171,31-2,19,6
1172,31-2,20,6
1173,31-2,21,6
1174,31-2,22,6
1175,31-2,23,6
1176,32-1,0,5
1177,32-1,1,6
1178,32-1,2,6
1179,32-1,3,6
1180,32-1,4,6
1181,32-1,5,6
1182,32-1,6,7
1183,32-1,7,13
1184,32-1,8,17
1185,32-1,9,23
1186,32-1,10,23
1187,32-1,11,19
1188,32-1,12,17
1189,32-1,13,14
1190,32-1,14,16
1191,32-1,15,16
1192,32-1,16,15
1193,32-1,17,14
1194,32-1,18,17
1195,32-1,19,17
1196,32-1,20,17
1197,32-1,21,16
1198,32-1,22,6
1199,32-1,23,6
1200,32-2,0,6
1201,32-2,1,8
1202,32-2,2,8
1203,32-2,3,8
1204,32-2,4,8
1205,32-2,5,8
1206,32-2,6,9
1207,32-2,7,13
1208,32-2,8,17
1209,32-2,9,29
1210,32-2,10,34
1211,32-2,11,34
1212,32-2,12,27
1213,32-2,13,21
1214,32-2,14,22
1215,32-2,15,18
1216,32-2,16,13
1217,32-2,17,13
1218,32-2,18,19
1219,32-2,19,24
1220,32-2,20,25
1221,32-2,21,21
1222,32-2,22,8
1223,32-2,23,8
1224,32-3,0,4
1225,32-3,1,5
1226,32-3,2,5
1227,32-3,3,5
1228,32-3,4,5
1229,32-3,5,5
1230,32-3,6,5
1231,32-3,7,5
1232,32-3,8,0
1233,32-3,9,4
1234,32-3,10,10
1235,32-3,11,12
1236,32-3,12,9
1237,32-3,13,8
1238,32-3,14,7
1239,32-3,15,6
1240,32-3,16,8
1241,32-3,17,11
1242,32-3,18,12
1243,32-3,19,13
1244,32-3,20,13
1245,32-3,21,11
1246,32-3,22,5
1247,32-3,23,5
1248,33-1,0,0
1249,33-1,1,0
1250,33-1,2,0
1251,33-1,3,0
1252,33-1,4,0
1253,33-1,5,0
1254,33-1,6,0
1255,33-1,7,0
1256,33-1,8,0
1257,33-1,9,2
1258,33-1,10,3
1259,33-1,11,3
1260,33-1,12,2
1261,33-1,13,2
1262,33-1,14,1
1263,33-1,15,1
1264,33-1,16,1
1265,33-1,17,1
1266,33-1,18,0
1267,33-1,19,1
1268,33-1,20,1
1269,33-1,21,1
1270,33-1,22,0
1271,33-1,23,0
1272,33-2,0,1
1273,33-2,1,1
1274,33-2,2,1
1275,33-2,3,1
1276,33-2,4,1
1277,33-2,5,1
1278,33-2,6,1
1279,33-2,7,2
1280,33-2,8,3
1281,33-2,9,2
1282,33-2,10,3
1283,33-2,11,4
1284,33-2,12,3
1285,33-2,13,2
1286,33-2,14,1
1287,33-2,15,1
1288,33-2,16,2
1289,33-2,17,2
1290,33-2,18,3
1291,33-2,19,3
1292,33-2,20,4
1293,33-2,21,3
1294,33-2,22,1
1295,33-2,23,1
1296,34-1,0,8
1297,34-1,1,10
1298,34-1,2,10
1299,34-1,3,10
1300,34-1,4,10
1301,34-1,5,10
1302,34-1,6,13
1303,34-1,7,27
1304,34-1,8,37
1305,34-1,9,46
1306,34-1,10,49
1307,34-1,11,43
1308,34-1,12,36
1309,34-1,13,34
1310,34-1,14,31
1311,34-1,15,30
1312,34-1,16,28
1313,34-1,17,28
1314,34-1,18,26
1315,34-1,19,27
1316,34-1,20,28
1317,34-1,21,25
1318,34-1,22,10
1319,34-1,23,10
1320,34-2,0,27
1321,34-2,1,33
1322,34-2,2,33
1323,34-2,3,33
1324,34-2,4,33
1325,34-2,5,33
1326,34-2,6,37
1327,34-2,7,54
1328,34-2,8,60
1329,34-2,9,96
1330,34-2,10,108
1331,34-2,11,99
1332,34-2,12,85
1333,34-2,13,64
1334,34-2,14,44
1335,34-2,15,33
1336,34-2,16,27
1337,34-2,17,26
1338,34-2,18,30
1339,34-2,19,38
1340,34-2,20,54
1341,34-2,21,64
1342,34-2,22,33
1343,34-2,23,33
1344,34-3,0,5
1345,34-3,1,6
1346,34-3,2,6
1347,34-3,3,6
1348,34-3,4,6
1349,34-3,5,6
1350,34-3,6,7
1351,34-3,7,8
1352,34-3,8,6
1353,34-3,9,8
1354,34-3,10,10
1355,34-3,11,10
1356,34-3,12,9
1357,34-3,13,7
1358,34-3,14,6
1359,34-3,15,6
1360,34-3,16,4
1361,34-3,17,5
1362,34-3,18,7
1363,34-3,19,11
1364,34-3,20,13
1365,34-3,21,13
1366,34-3,22,6
1367,34-3,23,6
1368,34-4,0,0
1369,34-4,1,0
1370,34-4,2,0
1371,34-4,3,0
1372,34-4,4,0
1373,34-4,5,0
1374,34-4,6,0
1375,34-4,7,0
1376,34-4,8,0
1377,34-4,9,0
1378,34-4,10,0
1379,34-4,11,0
1380,34-4,12,0
1381,34-4,13,0
1382,34-4,14,1
1383,34-4,15,1
1384,34-4,16,0
1385,34-4,17,0
1386,34-4,18,0
1387,34-4,19,0
1388,34-4,20,0
1389,34-4,21,0
1390,34-4,22,0
1391,34-4,23,0
1392,35-1,0,2
1393,35-1,1,1
1394,35-1,2,0
1395,35-1,3,0
1396,35-1,4,0
1397,35-1,5,0
1398,35-1,6,0
1399,35-1,7,2
1400,35-1,8,5
1401,35-1,9,6
1402,35-1,10,7
1403,35-1,11,7
1404,35-1,12,6
1405,35-1,13,6
1406,35-1,14,5
1407,35-1,15,4
1408,35-1,16,4
1409,35-1,17,4
1410,35-1,18,3
1411,35-1,19,3
1412,35-1,20,4
1413,35-1,21,4
1414,35-1,22,5
1415,35-1,23,5
1416,35-2,0,3
1417,35-2,1,1
1418,35-2,2,0
1419,35-2,3,0
1420,35-2,4,0
1421,35-2,5,0
1422,35-2,6,0
1423,35-2,7,1
1424,35-2,8,5
1425,35-2,9,9
1426,35-2,10,11
1427,35-2,11,13
1428,35-2,12,10
1429,35-2,13,6
1430,35-2,14,3
1431,35-2,15,2
1432,35-2,16,2
1433,35-2,17,1
1434,35-2,18,3
1435,35-2,19,5
1436,35-2,20,10
1437,35-2,21,16
1438,35-2,22,19
1439,35-2,23,13
1440,36-0,0,8
1441,36-0,1,9
1442,36-0,2,9
1443,36-0,3,9
1444,36-0,4,9
1445,36-0,5,9
1446,36-0,6,15
1447,36-0,7,25
1448,36-0,8,33
1449,36-0,9,44
1450,36-0,10,51
1451,36-0,11,50
1452,36-0,12,45
1453,36-0,13,38
1454,36-0,14,33
1455,36-0,15,30
1456,36-0,16,24
1457,36-0,17,20
1458,36-0,18,23
1459,36-0,19,25
1460,36-0,20,21
1461,36-0,21,10
1462,36-0,22,9
1463,36-0,23,9
1464,36-1,0,8
1465,36-1,1,10
1466,36-1,2,10
1467,36-1,3,10
1468,36-1,4,10
1469,36-1,5,10
1470,36-1,6,16
1471,36-1,7,28
1472,36-1,8,41
1473,36-1,9,49
1474,36-1,10,61
1475,36-1,11,62
1476,36-1,12,58
1477,36-1,13,50
1478,36-1,14,39
1479,36-1,15,35
1480,36-1,16,29
1481,36-1,17,27
1482,36-1,18,25
1483,36-1,19,23
1484,36-1,20,17
1485,36-1,21,10
1486,36-1,22,10
1487,36-1,23,10
1488,36-2,0,1
1489,36-2,1,1
1490,36-2,2,1
1491,36-2,3,1
1492,36-2,4,1
1493,36-2,5,1
1494,36-2,6,1
1495,36-2,7,2
1496,36-2,8,4
1497,36-2,9,7
1498,36-2,10,8
1499,36-2,11,9
1500,36-2,12,7
1501,36-2,13,6
1502,36-2,14,5
1503,36-2,15,4
1504,36-2,16,2
1505,36-2,17,3
1506,36-2,18,3
1507,36-2,19,3
1508,36-2,20,1
1509,36-2,21,1
1510,36-2,22,1
1511,36-2,23,1
1512,36-3,0,0
1513,36-3,1,0
1514,36-3,2,0
1515,36-3,3,0
1516,36-3,4,0
1517,36-3,5,0
1518,36-3,6,3
1519,36-3,7,9
1520,36-3,8,19
1521,36-3,9,21
1522,36-3,10,24
1523,36-3,11,25
1524,36-3,12,19
1525,36-3,13,10
1526,36-3,14,6
1527,36-3,15,5
1528,36-3,16,4
1529,36-3,17,2
1530,36-3,18,3
1531,36-3,19,3
1532,36-3,20,1
1533,36-3,21,0
1534,36-3,22,0
1535,36-3,23,0
1536,36-5,0,0
1537,36-5,1,0
1538,36-5,2,0
1539,36-5,3,0
1540,36-5,4,0
1541,36-5,5,0
1542,36-5,6,0
1543,36-5,7,1
1544,36-5,8,1
1545,36-5,9,1
1546,36-5,10,1
1547,36-5,11,2
1548,36-5,12,2
1549,36-5,13,1
1550,36-5,14,2
1551,36-5,15,2
1552,36-5,16,1
1553,36-5,17,0
1554,36-5,18,0
1555,36-5,19,0
1556,36-5,20,0
1557,36-5,21,0
1558,36-5,22,0
1559,36-5,23,0
1560,37-1,0,1
1561,37-1,1,1
1562,37-1,2,1
1563,37-1,3,1
1564,37-1,4,1
1565,37-1,5,1
1566,37-1,6,2
1567,37-1,7,3
1568,37-1,8,6
1569,37-1,9,8
1570,37-1,10,10
1571,37-1,11,11
1572,37-1,12,8
1573,37-1,13,6
1574,37-1,14,4
1575,37-1,15,3
1576,37-1,16,4
1577,37-1,17,4
1578,37-1,18,3
1579,37-1,19,5
1580,37-1,20,6
1581,37-1,21,7
1582,37-1,22,7
1583,37-1,23,4
1584,37-2,0,3
1585,37-2,1,3
1586,37-2,2,3
1587,37-2,3,3
1588,37-2,4,3
1589,37-2,5,4
1590,37-2,6,5
1591,37-2,7,6
1592,37-2,8,10
1593,37-2,9,16
1594,37-2,10,18
1595,37-2,11,17
1596,37-2,12,15
1597,37-2,13,16
1598,37-2,14,15
1599,37-2,15,15
1600,37-2,16,17
1601,37-2,17,18
1602,37-2,18,18
1603,37-2,19,20
1604,37-2,20,28
1605,37-2,21,34
1606,37-2,22,26
1607,37-2,23,13
1608,37-3,0,0
1609,37-3,1,0
1610,37-3,2,0
1611,37-3,3,0
1612,37-3,4,0
1613,37-3,5,0
1614,37-3,6,0
1615,37-3,7,0
1616,37-3,8,0
1617,37-3,9,0
1618,37-3,10,0
1619,37-3,11,0
1620,37-3,12,0
1621,37-3,13,0
1622,37-3,14,1
1623,37-3,15,0
1624,37-3,16,0
1625,37-3,17,1
1626,37-3,18,1
1627,37-3,19,1
1628,37-3,20,1
1629,37-3,21,1
1630,37-3,22,1
1631,37-3,23,1
1632,38-1,0,1
1633,38-1,1,1
1634,38-1,2,1
1635,38-1,3,1
1636,38-1,4,1
1637,38-1,5,2
1638,38-1,6,3
1639,38-1,7,1
1640,38-1,8,4
1641,38-1,9,5
1642,38-1,10,4
1643,38-1,11,6
1644,38-1,12,6
1645,38-1,13,3
1646,38-1,14,3
1647,38-1,15,3
1648,38-1,16,3
1649,38-1,17,3
1650,38-1,18,4
1651,38-1,19,2
1652,38-1,20,3
1653,38-1,21,5
1654,38-1,22,5
1655,38-1,23,1
1656,38-2,0,4
1657,38-2,1,4
1658,38-2,2,4
1659,38-2,3,4
1660,38-2,4,4
1661,38-2,5,5
1662,38-2,6,6
1663,38-2,7,4
1664,38-2,8,7
1665,38-2,9,11
1666,38-2,10,15
1667,38-2,11,18
1668,38-2,12,17
1669,38-2,13,12
1670,38-2,14,11
1671,38-2,15,8
1672,38-2,16,5
1673,38-2,17,6
1674,38-2,18,7
1675,38-2,19,8
1676,38-2,20,8
1677,38-2,21,8
1678,38-2,22,9
1679,38-2,23,4
1680,38-3,0,6
1681,38-3,1,7
1682,38-3,2,7
1683,38-3,3,7
1684,38-3,4,7
1685,38-3,5,8
1686,38-3,6,9
1687,38-3,7,6
1688,38-3,8,10
1689,38-3,9,16
1690,38-3,10,21
1691,38-3,11,20
1692,38-3,12,16
1693,38-3,13,12
1694,38-3,14,11
1695,38-3,15,11
1696,38-3,16,10
1697,38-3,17,12
1698,38-3,18,14
1699,38-3,19,16
1700,38-3,20,16
1701,38-3,21,19
1702,38-3,22,18
1703,38-3,23,7
1704,39-1,0,2
1705,39-1,1,2
1706,39-1,2,2
1707,39-1,3,2
1708,39-1,4,2
1709,39-1,5,2
1710,39-1,6,3
1711,39-1,7,3
1712,39-1,8,3
1713,39-1,9,7
1714,39-1,10,8
1715,39-1,11,9
1716,39-1,12,8
1717,39-1,13,7
1718,39-1,14,7
1719,39-1,15,5
1720,39-1,16,4
1721,39-1,17,5
1722,39-1,18,4
1723,39-1,19,6
1724,39-1,20,6
1725,39-1,21,2
1726,39-1,22,2
1727,39-1,23,2
1728,39-2,0,7
1729,39-2,1,8
1730,39-2,2,8
1731,39-2,3,8
1732,39-2,4,8
1733,39-2,5,8
1734,39-2,6,9
1735,39-2,7,13
1736,39-2,8,15
1737,39-2,9,24
1738,39-2,10,31
1739,39-2,11,29
1740,39-2,12,22
1741,39-2,13,18
1742,39-2,14,16
1743,39-2,15,13
1744,39-2,16,13
1745,39-2,17,15
1746,39-2,18,15
1747,39-2,19,15
1748,39-2,20,15
1749,39-2,21,8
1750,39-2,22,8
1751,39-2,23,8
1752,39-3,0,1
1753,39-3,1,2
1754,39-3,2,2
1755,39-3,3,2
1756,39-3,4,2
1757,39-3,5,2
1758,39-3,6,2
1759,39-3,7,2
1760,39-3,8,1
1761,39-3,9,1
1762,39-3,10,3
1763,39-3,11,4
1764,39-3,12,3
1765,39-3,13,2
1766,39-3,14,1
1767,39-3,15,2
1768,39-3,16,2
1769,39-3,17,2
1770,39-3,18,2
1771,39-3,19,2
1772,39-3,20,3
1773,39-3,21,2
1774,39-3,22,2
1775,39-3,23,2
1776,39-Z,0,0
1777,39-Z,1,0
1778,39-Z,2,0
1779,39-Z,3,0
1780,39-Z,4,0
1781,39-Z,5,0
1782,39-Z,6,0
1783,39-Z,7,0
1784,39-Z,8,0
1785,39-Z,9,0
1786,39-Z,10,0
1787,39-Z,11,0
1788,39-Z,12,0
1789,39-Z,13,0
1790,39-Z,14,0
1791,39-Z,15,1
1792,39-Z,16,1
1793,39-Z,17,1
1794,39-Z,18,0
1795,39-Z,19,0
1796,39-Z,20,0
1797,39-Z,21,0
1798,39-Z,22,0
1799,39-Z,23,0
1800,4-1,0,2
1801,4-1,1,2
1802,4-1,2,2
1803,4-1,3,2
1804,4-1,4,2
1805,4-1,5,2
1806,4-1,6,2
1807,4-1,7,5
1808,4-1,8,11
1809,4-1,9,14
1810,4-1,10,12
1811,4-1,11,12
1812,4-1,12,11
1813,4-1,13,8
1814,4-1,14,5
1815,4-1,15,5
1816,4-1,16,5
1817,4-1,17,5
1818,4-1,18,5
1819,4-1,19,3
1820,4-1,20,5
1821,4-1,21,4
1822,4-1,22,2
1823,4-1,23,2
1824,4-2,0,14
1825,4-2,1,16
1826,4-2,2,16
1827,4-2,3,16
1828,4-2,4,16
1829,4-2,5,16
1830,4-2,6,16
1831,4-2,7,23
1832,4-2,8,36
1833,4-2,9,44
1834,4-2,10,48
1835,4-2,11,44
1836,4-2,12,40
1837,4-2,13,32
1838,4-2,14,30
1839,4-2,15,28
1840,4-2,16,29
1841,4-2,17,28
1842,4-2,18,27
1843,4-2,19,27
1844,4-2,20,28
1845,4-2,21,24
1846,4-2,22,16
1847,4-2,23,16
1848,4-3,0,15
1849,4-3,1,18
1850,4-3,2,18
1851,4-3,3,18
1852,4-3,4,18
1853,4-3,5,18
1854,4-3,6,18
1855,4-3,7,30
1856,4-3,8,49
1857,4-3,9,62
1858,4-3,10,63
1859,4-3,11,61
1860,4-3,12,50
1861,4-3,13,33
1862,4-3,14,29
1863,4-3,15,38
1864,4-3,16,35
1865,4-3,17,28
1866,4-3,18,32
1867,4-3,19,35
1868,4-3,20,39
1869,4-3,21,34
1870,4-3,22,18
1871,4-3,23,18
1872,4-4,0,9
1873,4-4,1,11
1874,4-4,2,11
1875,4-4,3,11
1876,4-4,4,11
1877,4-4,5,11
1878,4-4,6,11
1879,4-4,7,13
1880,4-4,8,18
1881,4-4,9,12
1882,4-4,10,9
1883,4-4,11,9
1884,4-4,12,8
1885,4-4,13,5
1886,4-4,14,5
1887,4-4,15,6
1888,4-4,16,5
1889,4-4,17,6
1890,4-4,18,7
1891,4-4,19,10
1892,4-4,20,17
1893,4-4,21,20
1894,4-4,22,11
1895,4-4,23,11
1896,40-1,0,1
1897,40-1,1,1
1898,40-1,2,1
1899,40-1,3,1
1900,40-1,4,1
1901,40-1,5,1
1902,40-1,6,2
1903,40-1,7,2
1904,40-1,8,2
1905,40-1,9,5
1906,40-1,10,8
1907,40-1,11,7
1908,40-1,12,6
1909,40-1,13,5
1910,40-1,14,4
1911,40-1,15,2
1912,40-1,16,2
1913,40-1,17,3
1914,40-1,18,4
1915,40-1,19,3
1916,40-1,20,2
1917,40-1,21,1
1918,40-1,22,1
1919,40-1,23,1
1920,40-2,0,1
1921,40-2,1,1
1922,40-2,2,1
1923,40-2,3,1
1924,40-2,4,1
1925,40-2,5,1
1926,40-2,6,3
1927,40-2,7,2
1928,40-2,8,0
1929,40-2,9,0
1930,40-2,10,1
1931,40-2,11,1
1932,40-2,12,2
1933,40-2,13,2
1934,40-2,14,1
1935,40-2,15,1
1936,40-2,16,1
1937,40-2,17,2
1938,40-2,18,3
1939,40-2,19,4
1940,40-2,20,4
1941,40-2,21,3
1942,40-2,22,1
1943,40-2,23,1
1944,41-1,0,10
1945,41-1,1,12
1946,41-1,2,12
1947,41-1,3,12
1948,41-1,4,12
1949,41-1,5,12
1950,41-1,6,14
1951,41-1,7,19
1952,41-1,8,26
1953,41-1,9,43
1954,41-1,10,56
1955,41-1,11,57
1956,41-1,12,46
1957,41-1,13,33
1958,41-1,14,26
1959,41-1,15,23
1960,41-1,16,20
1961,41-1,17,12
1962,41-1,18,12
1963,41-1,19,12
1964,41-1,20,12
1965,41-1,21,12
1966,41-1,22,12
1967,41-1,23,12
1968,41-2,0,2
1969,41-2,1,3
1970,41-2,2,3
1971,41-2,3,3
1972,41-2,4,3
1973,41-2,5,3
1974,41-2,6,3
1975,41-2,7,8
1976,41-2,8,16
1977,41-2,9,27
1978,41-2,10,29
1979,41-2,11,24
1980,41-2,12,21
1981,41-2,13,14
1982,41-2,14,9
1983,41-2,15,9
1984,41-2,16,6
1985,41-2,17,3
1986,41-2,18,3
1987,41-2,19,3
1988,41-2,20,3
1989,41-2,21,3
1990,41-2,22,3
1991,41-2,23,3
1992,42-1,0,0
1993,42-1,1,1
1994,42-1,2,1
1995,42-1,3,1
1996,42-1,4,1
1997,42-1,5,1
1998,42-1,6,1
1999,42-1,7,0
2000,42-1,8,1
2001,42-1,9,2
2002,42-1,10,1
2003,42-1,11,1
2004,42-1,12,1
2005,42-1,13,1
2006,42-1,14,1
2007,42-1,15,1
2008,42-1,16,1
2009,42-1,17,2
2010,42-1,18,2
2011,42-1,19,2
2012,42-1,20,1
2013,42-1,21,1
2014,42-1,22,1
2015,42-1,23,1
2016,43-1,0,8
2017,43-1,1,9
2018,43-1,2,9
2019,43-1,3,9
2020,43-1,4,9
2021,43-1,5,9
2022,43-1,6,18
2023,43-1,7,32
2024,43-1,8,61
2025,43-1,9,83
2026,43-1,10,98
2027,43-1,11,103
2028,43-1,12,81
2029,43-1,13,54
2030,43-1,14,42
2031,43-1,15,38
2032,43-1,16,32
2033,43-1,17,33
2034,43-1,18,33
2035,43-1,19,22
2036,43-1,20,9
2037,43-1,21,9
2038,43-1,22,9
2039,43-1,23,9
2040,43-2,0,2
2041,43-2,1,2
2042,43-2,2,2
2043,43-2,3,2
2044,43-2,4,2
2045,43-2,5,2
2046,43-2,6,4
2047,43-2,7,5
2048,43-2,8,6
2049,43-2,9,10
2050,43-2,10,12
2051,43-2,11,11
2052,43-2,12,8
2053,43-2,13,7
2054,43-2,14,5
2055,43-2,15,5
2056,43-2,16,2
2057,43-2,17,2
2058,43-2,18,2
2059,43-2,19,2
2060,43-2,20,2
2061,43-2,21,2
2062,43-2,22,2
2063,43-2,23,2
2064,44-1,0,6
2065,44-1,1,7
2066,44-1,2,7
2067,44-1,3,7
2068,44-1,4,7
2069,44-1,5,7
2070,44-1,6,10
2071,44-1,7,13
2072,44-1,8,16
2073,44-1,9,25
2074,44-1,10,28
2075,44-1,11,29
2076,44-1,12,22
2077,44-1,13,16
2078,44-1,14,13
2079,44-1,15,10
2080,44-1,16,11
2081,44-1,17,12
2082,44-1,18,15
2083,44-1,19,17
2084,44-1,20,16
2085,44-1,21,7
2086,44-1,22,7
2087,44-1,23,7
2088,44-2,0,1
2089,44-2,1,1
2090,44-2,2,1
2091,44-2,3,1
2092,44-2,4,1
2093,44-2,5,1
2094,44-2,6,2
2095,44-2,7,2
2096,44-2,8,1
2097,44-2,9,2
2098,44-2,10,2
2099,44-2,11,1
2100,44-2,12,0
2101,44-2,13,0
2102,44-2,14,0
2103,44-2,15,0
2104,44-2,16,0
2105,44-2,17,1
2106,44-2,18,2
2107,44-2,19,4
2108,44-2,20,4
2109,44-2,21,1
2110,44-2,22,1
2111,44-2,23,1
2112,45-1,0,11
2113,45-1,1,13
2114,45-1,2,13
2115,45-1,3,13
2116,45-1,4,13
2117,45-1,5,13
2118,45-1,6,28
2119,45-1,7,37
2120,45-1,8,38
2121,45-1,9,46
2122,45-1,10,45
2123,45-1,11,42
2124,45-1,12,37
2125,45-1,13,31
2126,45-1,14,25
2127,45-1,15,25
2128,45-1,16,23
2129,45-1,17,22
2130,45-1,18,26
2131,45-1,19,26
2132,45-1,20,23
2133,45-1,21,19
2134,45-1,22,13
2135,45-1,23,13
2136,45-2,0,23
2137,45-2,1,28
2138,45-2,2,28
2139,45-2,3,28
2140,45-2,4,28
2141,45-2,5,28
2142,45-2,6,47
2143,45-2,7,64
2144,45-2,8,73
2145,45-2,9,82
2146,45-2,10,99
2147,45-2,11,94
2148,45-2,12,79
2149,45-2,13,69
2150,45-2,14,52
2151,45-2,15,44
2152,45-2,16,42
2153,45-2,17,41
2154,45-2,18,44
2155,45-2,19,28
2156,45-2,20,28
2157,45-2,21,28
2158,45-2,22,28
2159,45-2,23,28
2160,45-3,0,26
2161,45-3,1,31
2162,45-3,2,31
2163,45-3,3,31
2164,45-3,4,31
2165,45-3,5,31
2166,45-3,6,55
2167,45-3,7,76
2168,45-3,8,83
2169,45-3,9,87
2170,45-3,10,95
2171,45-3,11,90
2172,45-3,12,76
2173,45-3,13,57
2174,45-3,14,42
2175,45-3,15,40
2176,45-3,16,40
2177,45-3,17,46
2178,45-3,18,52
2179,45-3,19,31
2180,45-3,20,31
2181,45-3,21,31
2182,45-3,22,31
2183,45-3,23,31
2184,45-4,0,0
2185,45-4,1,0
2186,45-4,2,0
2187,45-4,3,0
2188,45-4,4,0
2189,45-4,5,0
2190,45-4,6,0
2191,45-4,7,1
2192,45-4,8,1
2193,45-4,9,3
2194,45-4,10,4
2195,45-4,11,2
2196,45-4,12,2
2197,45-4,13,1
2198,45-4,14,0
2199,45-4,15,0
2200,45-4,16,0
2201,45-4,17,0
2202,45-4,18,0
2203,45-4,19,0
2204,45-4,20,0
2205,45-4,21,0
2206,45-4,22,0
2207,45-4,23,0
2208,46-1,0,2
2209,46-1,1,3
2210,46-1,2,3
2211,46-1,3,3
2212,46-1,4,3
2213,46-1,5,3
2214,46-1,6,4
2215,46-1,7,3
2216,46-1,8,6
2217,46-1,9,10
2218,46-1,10,14
2219,46-1,11,17
2220,46-1,12,15
2221,46-1,13,14
2222,46-1,14,17
2223,46-1,15,15
2224,46-1,16,10
2225,46-1,17,11
2226,46-1,18,13
2227,46-1,19,12
2228,46-1,20,10
2229,46-1,21,7
2230,46-1,22,3
2231,46-1,23,3
2232,46-2,0,0
2233,46-2,1,0
2234,46-2,2,0
2235,46-2,3,0
2236,46-2,4,0
2237,46-2,5,0
2238,46-2,6,0
2239,46-2,7,0
2240,46-2,8,0
2241,46-2,9,0
2242,46-2,10,0
2243,46-2,11,0
2244,46-2,12,0
2245,46-2,13,0
2246,46-2,14,0
2247,46-2,15,0
2248,46-2,16,0
2249,46-2,17,0
2250,46-2,18,0
2251,46-2,19,0
2252,46-2,20,0
2253,46-2,21,0
2254,46-2,22,0
2255,46-2,23,0
2256,47-1,0,1
2257,47-1,1,1
2258,47-1,2,1
2259,47-1,3,1
2260,47-1,4,1
2261,47-1,5,1
2262,47-1,6,2
2263,47-1,7,4
2264,47-1,8,5
2265,47-1,9,6
2266,47-1,10,6
2267,47-1,11,8
2268,47-1,12,9
2269,47-1,13,10
2270,47-1,14,11
2271,47-1,15,9
2272,47-1,16,9
2273,47-1,17,11
2274,47-1,18,12
2275,47-1,19,10
2276,47-1,20,9
2277,47-1,21,10
2278,47-1,22,7
2279,47-1,23,1
2280,48-1,0,1
2281,48-1,1,1
2282,48-1,2,1
2283,48-1,3,1
2284,48-1,4,1
2285,48-1,5,1
2286,48-1,6,1
2287,48-1,7,3
2288,48-1,8,4
2289,48-1,9,4
2290,48-1,10,4
2291,48-1,11,4
2292,48-1,12,5
2293,48-1,13,6
2294,48-1,14,5
2295,48-1,15,4
2296,48-1,16,4
2297,48-1,17,3
2298,48-1,18,3
2299,48-1,19,6
2300,48-1,20,8
2301,48-1,21,8
2302,48-1,22,5
2303,48-1,23,1
2304,48-2,0,5
2305,48-2,1,6
2306,48-2,2,6
2307,48-2,3,6
2308,48-2,4,6
2309,48-2,5,6
2310,48-2,6,7
2311,48-2,7,9
2312,48-2,8,6
2313,48-2,9,10
2314,48-2,10,13
2315,48-2,11,14
2316,48-2,12,16
2317,48-2,13,14
2318,48-2,14,11
2319,48-2,15,11
2320,48-2,16,12
2321,48-2,17,15
2322,48-2,18,16
2323,48-2,19,17
2324,48-2,20,20
2325,48-2,21,26
2326,48-2,22,20
2327,48-2,23,6
2328,49-1,0,3
2329,49-1,1,2
2330,49-1,2,1
2331,49-1,3,0
2332,49-1,4,0
2333,49-1,5,0
2334,49-1,6,0
2335,49-1,7,2
2336,49-1,8,6
2337,49-1,9,8
2338,49-1,10,9
2339,49-1,11,9
2340,49-1,12,4
2341,49-1,13,1
2342,49-1,14,2
2343,49-1,15,4
2344,49-1,16,4
2345,49-1,17,2
2346,49-1,18,2
2347,49-1,19,5
2348,49-1,20,5
2349,49-1,21,6
2350,49-1,22,7
2351,49-1,23,5
2352,5-1,0,0
2353,5-1,1,1
2354,5-1,2,1
2355,5-1,3,1
2356,5-1,4,1
2357,5-1,5,1
2358,5-1,6,1
2359,5-1,7,2
2360,5-1,8,3
2361,5-1,9,3
2362,5-1,10,3
2363,5-1,11,3
2364,5-1,12,4
2365,5-1,13,3
2366,5-1,14,4
2367,5-1,15,5
2368,5-1,16,6
2369,5-1,17,6
2370,5-1,18,6
2371,5-1,19,3
2372,5-1,20,3
2373,5-1,21,3
2374,5-1,22,2
2375,5-1,23,1
2376,50-1,0,0
2377,50-1,1,0
2378,50-1,2,0
2379,50-1,3,0
2380,50-1,4,0
2381,50-1,5,0
2382,50-1,6,0
2383,50-1,7,1
2384,50-1,8,0
2385,50-1,9,1
2386,50-1,10,1
2387,50-1,11,1
2388,50-1,12,2
2389,50-1,13,2
2390,50-1,14,2
2391,50-1,15,3
2392,50-1,16,3
2393,50-1,17,3
2394,50-1,18,4
2395,50-1,19,4
2396,50-1,20,4
2397,50-1,21,3
2398,50-1,22,2
2399,50-1,23,0
2400,51-1,0,3
2401,51-1,1,4
2402,51-1,2,4
2403,51-1,3,4
2404,51-1,4,4
2405,51-1,5,4
2406,51-1,6,4
2407,51-1,7,5
2408,51-1,8,5
2409,51-1,9,11
2410,51-1,10,15
2411,51-1,11,16
2412,51-1,12,11
2413,51-1,13,6
2414,51-1,14,6
2415,51-1,15,7
2416,51-1,16,7
2417,51-1,17,6
2418,51-1,18,6
2419,51-1,19,5
2420,51-1,20,4
2421,51-1,21,4
2422,51-1,22,4
2423,51-1,23,4
2424,51-2,0,0
2425,51-2,1,0
2426,51-2,2,0
2427,51-2,3,0
2428,51-2,4,0
2429,51-2,5,0
2430,51-2,6,0
2431,51-2,7,1
2432,51-2,8,3
2433,51-2,9,4
2434,51-2,10,3
2435,51-2,11,2
2436,51-2,12,1
2437,51-2,13,1
2438,51-2,14,1
2439,51-2,15,0
2440,51-2,16,1
2441,51-2,17,1
2442,51-2,18,0
2443,51-2,19,0
2444,51-2,20,0
2445,51-2,21,0
2446,51-2,22,0
2447,51-2,23,0
2448,52-0,0,0
2449,52-0,1,0
2450,52-0,2,0
2451,52-0,3,0
2452,52-0,4,0
2453,52-0,5,0
2454,52-0,6,0
2455,52-0,7,0
2456,52-0,8,0
2457,52-0,9,0
2458,52-0,10,0
2459,52-0,11,1
2460,52-0,12,0
2461,52-0,13,0
2462,52-0,14,1
2463,52-0,15,1
2464,52-0,16,1
2465,52-0,17,0
2466,52-0,18,0
2467,52-0,19,0
2468,52-0,20,0
2469,52-0,21,0
2470,52-0,22,0
2471,52-0,23,0
2472,52-1,0,3
2473,52-1,1,4
2474,52-1,2,4
2475,52-1,3,4
2476,52-1,4,4
2477,52-1,5,4
2478,52-1,6,4
2479,52-1,7,9
2480,52-1,8,21
2481,52-1,9,29
2482,52-1,10,31
2483,52-1,11,32
2484,52-1,12,26
2485,52-1,13,19
2486,52-1,14,13
2487,52-1,15,12
2488,52-1,16,12
2489,52-1,17,12
2490,52-1,18,13
2491,52-1,19,11
2492,52-1,20,4
2493,52-1,21,4
2494,52-1,22,4
2495,52-1,23,4
2496,52-2,0,7
2497,52-2,1,9
2498,52-2,2,9
2499,52-2,3,9
2500,52-2,4,9
2501,52-2,5,9
2502,52-2,6,9
2503,52-2,7,14
2504,52-2,8,30
2505,52-2,9,45
2506,52-2,10,54
2507,52-2,11,52
2508,52-2,12,35
2509,52-2,13,24
2510,52-2,14,18
2511,52-2,15,14
2512,52-2,16,15
2513,52-2,17,16
2514,52-2,18,17
2515,52-2,19,18
2516,52-2,20,9
2517,52-2,21,9
2518,52-2,22,9
2519,52-2,23,9
2520,52-3,0,4
2521,52-3,1,5
2522,52-3,2,5
2523,52-3,3,5
2524,52-3,4,5
2525,52-3,5,5
2526,52-3,6,5
2527,52-3,7,14
2528,52-3,8,22
2529,52-3,9,27
2530,52-3,10,22
2531,52-3,11,22
2532,52-3,12,17
2533,52-3,13,11
2534,52-3,14,9
2535,52-3,15,5
2536,52-3,16,5
2537,52-3,17,5
2538,52-3,18,5
2539,52-3,19,5
2540,52-3,20,5
2541,52-3,21,5
2542,52-3,22,5
2543,52-3,23,5
2544,52-4,0,3
2545,52-4,1,3
2546,52-4,2,3
2547,52-4,3,3
2548,52-4,4,3
2549,52-4,5,3
2550,52-4,6,5
2551,52-4,7,14
2552,52-4,8,19
2553,52-4,9,14
2554,52-4,10,11
2555,52-4,11,10
2556,52-4,12,7
2557,52-4,13,6
2558,52-4,14,9
2559,52-4,15,9
2560,52-4,16,6
2561,52-4,17,4
2562,52-4,18,4
2563,52-4,19,3
2564,52-4,20,3
2565,52-4,21,3
2566,52-4,22,3
2567,52-4,23,3
2568,53-1,0,16
2569,53-1,1,19
2570,53-1,2,19
2571,53-1,3,19
2572,53-1,4,19
2573,53-1,5,19
2574,53-1,6,21
2575,53-1,7,26
2576,53-1,8,28
2577,53-1,9,46
2578,53-1,10,56
2579,53-1,11,60
2580,53-1,12,52
2581,53-1,13,45
2582,53-1,14,36
2583,53-1,15,28
2584,53-1,16,26
2585,53-1,17,31
2586,53-1,18,33
2587,53-1,19,19
2588,53-1,20,19
2589,53-1,21,19
2590,53-1,22,19
2591,53-1,23,19
2592,53-2,0,3
2593,53-2,1,3
2594,53-2,2,3
2595,53-2,3,3
2596,53-2,4,3
2597,53-2,5,3
2598,53-2,6,4
2599,53-2,7,4
2600,53-2,8,3
2601,53-2,9,6
2602,53-2,10,8
2603,53-2,11,8
2604,53-2,12,10
2605,53-2,13,9
2606,53-2,14,5
2607,53-2,15,4
2608,53-2,16,4
2609,53-2,17,5
2610,53-2,18,5
2611,53-2,19,3
2612,53-2,20,3
2613,53-2,21,3
2614,53-2,22,3
2615,53-2,23,3
2616,54-1,0,8
2617,54-1,1,10
2618,54-1,2,6
2619,54-1,3,3
2620,54-1,4,2
2621,54-1,5,1
2622,54-1,6,0
2623,54-1,7,4
2624,54-1,8,13
2625,54-1,9,18
2626,54-1,10,19
2627,54-1,11,19
2628,54-1,12,16
2629,54-1,13,13
2630,54-1,14,11
2631,54-1,15,10
2632,54-1,16,12
2633,54-1,17,13
2634,54-1,18,13
2635,54-1,19,13
2636,54-1,20,12
2637,54-1,21,11
2638,54-1,22,10
2639,54-1,23,11
2640,54-2,0,7
2641,54-2,1,9
2642,54-2,2,4
2643,54-2,3,2
2644,54-2,4,1
2645,54-2,5,1
2646,54-2,6,1
2647,54-2,7,1
2648,54-2,8,3
2649,54-2,9,4
2650,54-2,10,5
2651,54-2,11,6
2652,54-2,12,6
2653,54-2,13,4
2654,54-2,14,3
2655,54-2,15,4
2656,54-2,16,4
2657,54-2,17,3
2658,54-2,18,3
2659,54-2,19,5
2660,54-2,20,7
2661,54-2,21,8
2662,54-2,22,10
2663,54-2,23,12
2664,54-3,0,3
2665,54-3,1,4
2666,54-3,2,4
2667,54-3,3,4
2668,54-3,4,4
2669,54-3,5,4
2670,54-3,6,4
2671,54-3,7,5
2672,54-3,8,3
2673,54-3,9,5
2674,54-3,10,6
2675,54-3,11,11
2676,54-3,12,12
2677,54-3,13,9
2678,54-3,14,9
2679,54-3,15,10
2680,54-3,16,16
2681,54-3,17,23
2682,54-3,18,25
2683,54-3,19,18
2684,54-3,20,11
2685,54-3,21,8
2686,54-3,22,8
2687,54-3,23,4
2688,55-1,0,0
2689,55-1,1,0
2690,55-1,2,0
2691,55-1,3,0
2692,55-1,4,0
2693,55-1,5,0
2694,55-1,6,1
2695,55-1,7,1
2696,55-1,8,0
2697,55-1,9,0
2698,55-1,10,1
2699,55-1,11,1
2700,55-1,12,1
2701,55-1,13,1
2702,55-1,14,0
2703,55-1,15,0
2704,55-1,16,0
2705,55-1,17,1
2706,55-1,18,0
2707,55-1,19,0
2708,55-1,20,1
2709,55-1,21,1
2710,55-1,22,0
2711,55-1,23,0
2712,55-2,0,0
2713,55-2,1,1
2714,55-2,2,1
2715,55-2,3,1
2716,55-2,4,1
2717,55-2,5,1
2718,55-2,6,1
2719,55-2,7,1
2720,55-2,8,1
2721,55-2,9,2
2722,55-2,10,4
2723,55-2,11,5
2724,55-2,12,4
2725,55-2,13,3
2726,55-2,14,4
2727,55-2,15,4
2728,55-2,16,3
2729,55-2,17,1
2730,55-2,18,3
2731,55-2,19,4
2732,55-2,20,4
2733,55-2,21,2
2734,55-2,22,1
2735,55-2,23,1
2736,56-G,0,1
2737,56-G,1,1
2738,56-G,2,1
2739,56-G,3,1
2740,56-G,4,1
2741,56-G,5,1
2742,56-G,6,1
2743,56-G,7,1
2744,56-G,8,1
2745,56-G,9,1
2746,56-G,10,1
2747,56-G,11,1
2748,56-G,12,1
2749,56-G,13,1
2750,56-G,14,1
2751,56-G,15,1
2752,56-G,16,3
2753,56-G,17,4
2754,56-G,18,5
2755,56-G,19,5
2756,56-G,20,4
2757,56-G,21,3
2758,56-G,22,1
2759,56-G,23,1
2760,56-T,0,3
2761,56-T,1,3
2762,56-T,2,3
2763,56-T,3,3
2764,56-T,4,3
2765,56-T,5,3
2766,56-T,6,3
2767,56-T,7,3
2768,56-T,8,4
2769,56-T,9,5
2770,56-T,10,4
2771,56-T,11,4
2772,56-T,12,4
2773,56-T,13,5
2774,56-T,14,5
2775,56-T,15,5
2776,56-T,16,5
2777,56-T,17,5
2778,56-T,18,6
2779,56-T,19,5
2780,56-T,20,4
2781,56-T,21,5
2782,56-T,22,3
2783,56-T,23,3
2784,57-1,0,6
2785,57-1,1,7
2786,57-1,2,7
2787,57-1,3,7
2788,57-1,4,7
2789,57-1,5,7
2790,57-1,6,9
2791,57-1,7,12
2792,57-1,8,13
2793,57-1,9,19
2794,57-1,10,25
2795,57-1,11,29
2796,57-1,12,26
2797,57-1,13,18
2798,57-1,14,14
2799,57-1,15,10
2800,57-1,16,10
2801,57-1,17,12
2802,57-1,18,12
2803,57-1,19,7
2804,57-1,20,7
2805,57-1,21,7
2806,57-1,22,7
2807,57-1,23,7
2808,57-2,0,4
2809,57-2,1,5
2810,57-2,2,5
2811,57-2,3,5
2812,57-2,4,5
2813,57-2,5,5
2814,57-2,6,7
2815,57-2,7,9
2816,57-2,8,10
2817,57-2,9,17
2818,57-2,10,22
2819,57-2,11,21
2820,57-2,12,18
2821,57-2,13,17
2822,57-2,14,13
2823,57-2,15,10
2824,57-2,16,9
2825,57-2,17,8
2826,57-2,18,7
2827,57-2,19,5
2828,57-2,20,5
2829,57-2,21,5
2830,57-2,22,5
2831,57-2,23,5
2832,58-1,0,11
2833,58-1,1,13
2834,58-1,2,13
2835,58-1,3,13
2836,58-1,4,13
2837,58-1,5,13
2838,58-1,6,13
2839,58-1,7,22
2840,58-1,8,41
2841,58-1,9,50
2842,58-1,10,45
2843,58-1,11,40
2844,58-1,12,34
2845,58-1,13,31
2846,58-1,14,24
2847,58-1,15,16
2848,58-1,16,14
2849,58-1,17,15
2850,58-1,18,20
2851,58-1,19,23
2852,58-1,20,25
2853,58-1,21,26
2854,58-1,22,13
2855,58-1,23,13
2856,58-2,0,20
2857,58-2,1,24
2858,58-2,2,24
2859,58-2,3,24
2860,58-2,4,24
2861,58-2,5,24
2862,58-2,6,24
2863,58-2,7,37
2864,58-2,8,66
2865,58-2,9,71
2866,58-2,10,69
2867,58-2,11,70
2868,58-2,12,59
2869,58-2,13,54
2870,58-2,14,48
2871,58-2,15,41
2872,58-2,16,43
2873,58-2,17,42
2874,58-2,18,45
2875,58-2,19,52
2876,58-2,20,56
2877,58-2,21,56
2878,58-2,22,24
2879,58-2,23,24
2880,58-3,0,6
2881,58-3,1,7
2882,58-3,2,7
2883,58-3,3,7
2884,58-3,4,7
2885,58-3,5,7
2886,58-3,6,7
2887,58-3,7,9
2888,58-3,8,14
2889,58-3,9,13
2890,58-3,10,12
2891,58-3,11,14
2892,58-3,12,13
2893,58-3,13,7
2894,58-3,14,4
2895,58-3,15,4
2896,58-3,16,4
2897,58-3,17,5
2898,58-3,18,8
2899,58-3,19,10
2900,58-3,20,12
2901,58-3,21,12
2902,58-3,22,7
2903,58-3,23,7
2904,58-4,0,0
2905,58-4,1,0
2906,58-4,2,0
2907,58-4,3,0
2908,58-4,4,0
2909,58-4,5,0
2910,58-4,6,0
2911,58-4,7,0
2912,58-4,8,0
2913,58-4,9,0
2914,58-4,10,0
2915,58-4,11,0
2916,58-4,12,0
2917,58-4,13,0
2918,58-4,14,0
2919,58-4,15,0
2920,58-4,16,0
2921,58-4,17,0
2922,58-4,18,0
2923,58-4,19,1
2924,58-4,20,1
2925,58-4,21,0
2926,58-4,22,0
2927,58-4,23,0
2928,58-6,0,1
2929,58-6,1,2
2930,58-6,2,2
2931,58-6,3,2
2932,58-6,4,2
2933,58-6,5,2
2934,58-6,6,2
2935,58-6,7,6
2936,58-6,8,9
2937,58-6,9,14
2938,58-6,10,16
2939,58-6,11,19
2940,58-6,12,18
2941,58-6,13,14
2942,58-6,14,15
2943,58-6,15,16
2944,58-6,16,18
2945,58-6,17,22
2946,58-6,18,25
2947,58-6,19,21
2948,58-6,20,13
2949,58-6,21,6
2950,58-6,22,2
2951,58-6,23,2
2952,58-7,0,0
2953,58-7,1,0
2954,58-7,2,0
2955,58-7,3,0
2956,58-7,4,0
2957,58-7,5,0
2958,58-7,6,0
2959,58-7,7,0
2960,58-7,8,1
2961,58-7,9,1
2962,58-7,10,0
2963,58-7,11,1
2964,58-7,12,1
2965,58-7,13,1
2966,58-7,14,1
2967,58-7,15,1
2968,58-7,16,1
2969,58-7,17,0
2970,58-7,18,0
2971,58-7,19,1
2972,58-7,20,1
2973,58-7,21,1
2974,58-7,22,0
2975,58-7,23,0
2976,59-1,0,69
2977,59-1,1,83
2978,59-1,2,83
2979,59-1,3,83
2980,59-1,4,83
2981,59-1,5,83
2982,59-1,6,141
2983,59-1,7,231
2984,59-1,8,279
2985,59-1,9,315
2986,59-1,10,363
2987,59-1,11,394
2988,59-1,12,378
2989,59-1,13,327
2990,59-1,14,268
2991,59-1,15,217
2992,59-1,16,221
2993,59-1,17,225
2994,59-1,18,221
2995,59-1,19,212
2996,59-1,20,211
2997,59-1,21,170
2998,59-1,22,83
2999,59-1,23,83
3000,59-1A,0,0
3001,59-1A,1,0
3002,59-1A,2,0
3003,59-1A,3,0
3004,59-1A,4,0
3005,59-1A,5,0
3006,59-1A,6,0
3007,59-1A,7,0
3008,59-1A,8,0
3009,59-1A,9,0
3010,59-1A,10,0
3011,59-1A,11,0
3012,59-1A,12,0
3013,59-1A,13,0
3014,59-1A,14,0
3015,59-1A,15,0
3016,59-1A,16,0
3017,59-1A,17,0
3018,59-1A,18,1
3019,59-1A,19,1
3020,59-1A,20,2
3021,59-1A,21,2
3022,59-1A,22,1
3023,59-1A,23,0
3024,59-2,0,4
3025,59-2,1,5
3026,59-2,2,5
3027,59-2,3,5
3028,59-2,4,5
3029,59-2,5,5
3030,59-2,6,9
3031,59-2,7,14
3032,59-2,8,24
3033,59-2,9,28
3034,59-2,10,26
3035,59-2,11,27
3036,59-2,12,20
3037,59-2,13,14
3038,59-2,14,16
3039,59-2,15,14
3040,59-2,16,16
3041,59-2,17,16
3042,59-2,18,10
3043,59-2,19,8
3044,59-2,20,5
3045,59-2,21,5
3046,59-2,22,5
3047,59-2,23,5
3048,59-2A,0,135
3049,59-2A,1,162
3050,59-2A,2,162
3051,59-2A,3,162
3052,59-2A,4,162
3053,59-2A,5,162
3054,59-2A,6,237
3055,59-2A,7,358
3056,59-2A,8,424
3057,59-2A,9,503
3058,59-2A,10,582
3059,59-2A,11,620
3060,59-2A,12,615
3061,59-2A,13,563
3062,59-2A,14,475
3063,59-2A,15,380
3064,59-2A,16,364
3065,59-2A,17,377
3066,59-2A,18,368
3067,59-2A,19,306
3068,59-2A,20,162
3069,59-2A,21,162
3070,59-2A,22,162
3071,59-2A,23,162
3072,59-3,0,48
3073,59-3,1,58
3074,59-3,2,58
3075,59-3,3,58
3076,59-3,4,58
3077,59-3,5,58
3078,59-3,6,84
3079,59-3,7,135
3080,59-3,8,169
3081,59-3,9,199
3082,59-3,10,225
3083,59-3,11,217
3084,59-3,12,196
3085,59-3,13,160
3086,59-3,14,131
3087,59-3,15,102
3088,59-3,16,103
3089,59-3,17,112
3090,59-3,18,114
3091,59-3,19,100
3092,59-3,20,58
3093,59-3,21,58
3094,59-3,22,58
3095,59-3,23,58
3096,59-4.1,0,0
3097,59-4.1,1,0
3098,59-4.1,2,0
3099,59-4.1,3,0
3100,59-4.1,4,0
3101,59-4.1,5,0
3102,59-4.1,6,2
3103,59-4.1,7,5
3104,59-4.1,8,12
3105,59-4.1,9,14
3106,59-4.1,10,16
3107,59-4.1,11,20
3108,59-4.1,12,21
3109,59-4.1,13,22
3110,59-4.1,14,23
3111,59-4.1,15,23
3112,59-4.1,16,23
3113,59-4.1,17,0
3114,59-4.1,18,0
3115,59-4.1,19,0
3116,59-4.1,20,0
3117,59-4.1,21,0
3118,59-4.1,22,0
3119,59-4.1,23,0
3120,59-4.2,0,0
3121,59-4.2,1,0
3122,59-4.2,2,0
3123,59-4.2,3,0
3124,59-4.2,4,0
3125,59-4.2,5,0
3126,59-4.2,6,14
3127,59-4.2,7,36
3128,59-4.2,8,52
3129,59-4.2,9,63
3130,59-4.2,10,69
3131,59-4.2,11,75
3132,59-4.2,12,79
3133,59-4.2,13,83
3134,59-4.2,14,86
3135,59-4.2,15,89
3136,59-4.2,16,93
3137,59-4.2,17,96
3138,59-4.2,18,100
3139,59-4.2,19,101
3140,59-4.2,20,101
3141,59-4.2,21,0
3142,59-4.2,22,0
3143,59-4.2,23,0
3144,59-4C,0,0
3145,59-4C,1,0
3146,59-4C,2,0
3147,59-4C,3,0
3148,59-4C,4,0
3149,59-4C,5,0
3150,59-4C,6,26
3151,59-4C,7,55
3152,59-4C,8,70
3153,59-4C,9,78
3154,59-4C,10,83
3155,59-4C,11,88
3156,59-4C,12,91
3157,59-4C,13,96
3158,59-4C,14,99
3159,59-4C,15,102
3160,59-4C,16,105
3161,59-4C,17,108
3162,59-4C,18,111
3163,59-4C,19,111
3164,59-4C,20,0
3165,59-4C,21,0
3166,59-4C,22,0
3167,59-4C,23,0
3168,6-0,0,0
3169,6-0,1,0
3170,6-0,2,0
3171,6-0,3,0
3172,6-0,4,0
3173,6-0,5,0
3174,6-0,6,0
3175,6-0,7,0
3176,6-0,8,1
3177,6-0,9,0
3178,6-0,10,0
3179,6-0,11,0
3180,6-0,12,1
3181,6-0,13,1
3182,6-0,14,1
3183,6-0,15,0
3184,6-0,16,1
3185,6-0,17,1
3186,6-0,18,0
3187,6-0,19,0
3188,6-0,20,0
3189,6-0,21,0
3190,6-0,22,0
3191,6-0,23,0
3192,6-1,0,5
3193,6-1,1,6
3194,6-1,2,6
3195,6-1,3,6
3196,6-1,4,6
3197,6-1,5,6
3198,6-1,6,8
3199,6-1,7,12
3200,6-1,8,10
3201,6-1,9,12
3202,6-1,10,15
3203,6-1,11,13
3204,6-1,12,12
3205,6-1,13,12
3206,6-1,14,10
3207,6-1,15,10
3208,6-1,16,9
3209,6-1,17,9
3210,6-1,18,11
3211,6-1,19,16
3212,6-1,20,21
3213,6-1,21,24
3214,6-1,22,20
3215,6-1,23,6
3216,7-1,0,2
3217,7-1,1,3
3218,7-1,2,3
3219,7-1,3,3
3220,7-1,4,3
3221,7-1,5,3
3222,7-1,6,5
3223,7-1,7,11
3224,7-1,8,30
3225,7-1,9,49
3226,7-1,10,59
3227,7-1,11,59
3228,7-1,12,49
3229,7-1,13,35
3230,7-1,14,21
3231,7-1,15,20
3232,7-1,16,16
3233,7-1,17,10
3234,7-1,18,7
3235,7-1,19,3
3236,7-1,20,3
3237,7-1,21,3
3238,7-1,22,3
3239,7-1,23,3
3240,7-2,0,2
3241,7-2,1,3
3242,7-2,2,3
3243,7-2,3,3
3244,7-2,4,3
3245,7-2,5,3
3246,7-2,6,4
3247,7-2,7,8
3248,7-2,8,19
3249,7-2,9,31
3250,7-2,10,38
3251,7-2,11,35
3252,7-2,12,26
3253,7-2,13,21
3254,7-2,14,13
3255,7-2,15,10
3256,7-2,16,8
3257,7-2,17,6
3258,7-2,18,5
3259,7-2,19,3
3260,7-2,20,3
3261,7-2,21,3
3262,7-2,22,3
3263,7-2,23,3
3264,8-1,0,3
3265,8-1,1,3
3266,8-1,2,3
3267,8-1,3,3
3268,8-1,4,3
3269,8-1,5,3
3270,8-1,6,4
3271,8-1,7,6
3272,8-1,8,6
3273,8-1,9,7
3274,8-1,10,7
3275,8-1,11,8
3276,8-1,12,7
3277,8-1,13,8
3278,8-1,14,8
3279,8-1,15,10
3280,8-1,16,12
3281,8-1,17,13
3282,8-1,18,13
3283,8-1,19,13
3284,8-1,20,12
3285,8-1,21,12
3286,8-1,22,9
3287,8-1,23,3
3288,8-2,0,4
3289,8-2,1,5
3290,8-2,2,5
3291,8-2,3,5
3292,8-2,4,5
3293,8-2,5,5
3294,8-2,6,6
3295,8-2,7,9
3296,8-2,8,9
3297,8-2,9,13
3298,8-2,10,20
3299,8-2,11,24
3300,8-2,12,22
3301,8-2,13,22
3302,8-2,14,22
3303,8-2,15,21
3304,8-2,16,25
3305,8-2,17,31
3306,8-2,18,33
3307,8-2,19,29
3308,8-2,20,22
3309,8-2,21,16
3310,8-2,22,11
3311,8-2,23,5
3312,8-3,0,0
3313,8-3,1,0
3314,8-3,2,0
3315,8-3,3,0
3316,8-3,4,0
3317,8-3,5,0
3318,8-3,6,0
3319,8-3,7,0
3320,8-3,8,3
3321,8-3,9,5
3322,8-3,10,6
3323,8-3,11,6
3324,8-3,12,4
3325,8-3,13,4
3326,8-3,14,4
3327,8-3,15,2
3328,8-3,16,3
3329,8-3,17,4
3330,8-3,18,4
3331,8-3,19,5
3332,8-3,20,7
3333,8-3,21,7
3334,8-3,22,5
3335,8-3,23,2
3336,9-1,0,0
3337,9-1,1,0
3338,9-1,2,0
3339,9-1,3,0
3340,9-1,4,0
3341,9-1,5,0
3342,9-1,6,0
3343,9-1,7,0
3344,9-1,8,1
3345,9-1,9,2
3346,9-1,10,2
3347,9-1,11,2
3348,9-1,12,2
3349,9-1,13,1
3350,9-1,14,0
3351,9-1,15,0
3352,9-1,16,0
3353,9-1,17,0
3354,9-1,18,0
3355,9-1,19,0
3356,9-1,20,0
3357,9-1,21,0
3358,9-1,22,0
3359,9-1,23,0
3360,9-2,0,0
3361,9-2,1,0
3362,9-2,2,0
3363,9-2,3,0
3364,9-2,4,0
3365,9-2,5,0
3366,9-2,6,0
3367,9-2,7,0
3368,9-2,8,0
3369,9-2,9,0
3370,9-2,10,1
3371,9-2,11,1
3372,9-2,12,0
3373,9-2,13,0
3374,9-2,14,0
3375,9-2,15,0
3376,9-2,16,0
3377,9-2,17,0
3378,9-2,18,0
3379,9-2,19,0
3380,9-2,20,0
3381,9-2,21,0
3382,9-2,22,0
3383,9-2,23,0
